{
  "firstLayout": "",
  "gdVersion": {
    "build": 218,
    "major": 5,
    "minor": 4,
    "revision": 0
  },
  "properties": {
    "adaptGameResolutionAtRuntime": true,
    "antialiasingMode": "MSAA",
    "antialisingEnabledOnMobile": false,
    "folderProject": true,
    "orientation": "landscape",
    "packageName": "com.example.gamename",
    "pixelsRounding": true,
    "projectUuid": "3b7fae7c-0062-4b47-b0c1-4b1a95b3f748",
    "scaleMode": "nearest",
    "sizeOnStartupMode": "adaptWidth",
    "templateSlug": "",
    "useExternalSourceFiles": false,
    "version": "1.0.0",
    "name": "Train Journey",
    "description": "",
    "author": "",
    "windowWidth": 1280,
    "windowHeight": 720,
    "latestCompilationDirectory": "",
    "maxFPS": 60,
    "minFPS": 20,
    "verticalSync": false,
    "platformSpecificAssets": {
      "android-icon-144": "",
      "android-icon-192": "",
      "android-icon-36": "",
      "android-icon-48": "",
      "android-icon-72": "",
      "android-icon-96": "",
      "android-windowSplashScreenAnimatedIcon": "",
      "desktop-icon-512": "",
      "ios-icon-100": "",
      "ios-icon-1024": "",
      "ios-icon-114": "",
      "ios-icon-120": "",
      "ios-icon-144": "",
      "ios-icon-152": "",
      "ios-icon-167": "",
      "ios-icon-180": "",
      "ios-icon-20": "",
      "ios-icon-29": "",
      "ios-icon-40": "",
      "ios-icon-50": "",
      "ios-icon-57": "",
      "ios-icon-58": "",
      "ios-icon-60": "",
      "ios-icon-72": "",
      "ios-icon-76": "",
      "ios-icon-80": "",
      "ios-icon-87": ""
    },
    "loadingScreen": {
      "backgroundColor": 0,
      "backgroundFadeInDuration": 0.2,
      "backgroundImageResourceName": "",
      "gdevelopLogoStyle": "light",
      "logoAndProgressFadeInDuration": 0.2,
      "logoAndProgressLogoFadeInDelay": 0,
      "minDuration": 1.5,
      "progressBarColor": 16777215,
      "progressBarHeight": 20,
      "progressBarMaxWidth": 200,
      "progressBarMinWidth": 40,
      "progressBarWidthPercent": 30,
      "showGDevelopSplash": true,
      "showProgressBar": true
    },
    "watermark": {
      "placement": "bottom-left",
      "showWatermark": true
    },
    "authorIds": [],
    "authorUsernames": [],
    "categories": [],
    "playableDevices": [],
    "extensionProperties": [],
    "platforms": [
      {
        "name": "GDevelop JS platform"
      }
    ],
    "currentPlatform": "GDevelop JS platform"
  },
  "resources": {
    "resources": [
      {
        "alwaysLoaded": false,
        "file": "assets/DungeonTileset.png",
        "kind": "image",
        "metadata": "",
        "name": "DungeonTileset.png",
        "smoothed": false,
        "userAdded": true,
        "origin": {
          "identifier": "https://asset-resources.gdevelop.io/public-resources/16x16 Dungeon Tileset/Tilemap/f469d4ca0e9db04881240e083c902868979588fa9b36e7017c19f4f111b6189c_DungeonTileset.png",
          "name": "DungeonTileset.png"
        }
      },
      {
        "alwaysLoaded": false,
        "file": "assets/mapPack_tilesheet_2X.png",
        "kind": "image",
        "metadata": "",
        "name": "mapPack_tilesheet_2X.png",
        "smoothed": false,
        "userAdded": true,
        "origin": {
          "identifier": "https://asset-resources.gdevelop.io/public-resources/Kenney Tilemaps/High Definition/5f0063211bf3fddcc0a7c68a2cafb734e57e96df0f5a55d4906ffcfac71936b0_mapPack_tilesheet_2X.png",
          "name": "mapPack_tilesheet_2X.png"
        }
      },
      {
        "alwaysLoaded": false,
        "file": "assets/NewSprite.png",
        "kind": "image",
        "metadata": "{\"extension\":\".png\",\"localFilePath\":\"assets/NewSprite.png\"}",
        "name": "NewSprite",
        "smoothed": false,
        "userAdded": false
      },
      {
        "alwaysLoaded": false,
        "file": "assets/NewSprite2.png",
        "kind": "image",
        "metadata": "{\"extension\":\".png\"}",
        "name": "NewSprite2",
        "smoothed": false,
        "userAdded": false
      },
      {
        "alwaysLoaded": false,
        "file": "assets/Train_Final_Car.png",
        "kind": "image",
        "metadata": "{\"extension\":\".png\"}",
        "name": "Train_Final_Car",
        "smoothed": false,
        "userAdded": false
      },
      {
        "alwaysLoaded": false,
        "file": "assets/Wall.png",
        "kind": "image",
        "metadata": "{\"extension\":\".png\"}",
        "name": "Wall",
        "smoothed": false,
        "userAdded": false
      },
      {
        "alwaysLoaded": false,
        "file": "assets/Wall2.png",
        "kind": "image",
        "metadata": "{\"extension\":\".png\"}",
        "name": "Wall2",
        "smoothed": false,
        "userAdded": false
      },
      {
        "alwaysLoaded": false,
        "file": "assets/DungeonTileset.png",
        "kind": "image",
        "metadata": "",
        "name": "assets/DungeonTileset.png",
        "smoothed": false,
        "userAdded": false
      },
      {
        "alwaysLoaded": false,
        "file": "assets/Obstacle_Spawner.png",
        "kind": "image",
        "metadata": "{\"extension\":\".png\",\"pskl\":{}}",
        "name": "Obstacle_Spawner",
        "smoothed": false,
        "userAdded": false
      },
      {
        "alwaysLoaded": false,
        "file": "assets/Obstacle_Spawner2.png",
        "kind": "image",
        "metadata": "{\"extension\":\".png\",\"pskl\":{}}",
        "name": "Obstacle_Spawner2",
        "smoothed": false,
        "userAdded": false
      },
      {
        "alwaysLoaded": false,
        "file": "assets/NewTiledSprite.png",
        "kind": "image",
        "metadata": "{\"extension\":\".png\",\"pskl\":{},\"localFilePath\":\"assets/NewTiledSprite.png\"}",
        "name": "NewTiledSprite",
        "smoothed": false,
        "userAdded": false
      },
      {
        "alwaysLoaded": false,
        "file": "assets/Obstacle_Spawner3.png",
        "kind": "image",
        "metadata": "{\"extension\":\".png\",\"pskl\":{},\"localFilePath\":\"assets/Obstacle_Spawner3.png\"}",
        "name": "Obstacle_Spawner3",
        "smoothed": false,
        "userAdded": false
      }
    ],
    "resourceFolders": []
  },
  "objects": [
    {
      "assetStoreId": "8b09a5d87398e59848c8fcf81c06881485fa3c7221e69085dd31280eeb2535ae",
      "name": "TopDownTerrain128x128",
      "type": "TileMap::SimpleTileMap",
      "variables": [],
      "effects": [],
      "behaviors": [],
      "content": {
        "atlasImage": "mapPack_tilesheet_2X.png",
        "rowCount": 12,
        "columnCount": 17,
        "tileSize": 128,
        "tilesWithHitBox": ""
      }
    }
  ],
  "objectsFolderStructure": {
    "folderName": "__ROOT",
    "children": [
      {
        "objectName": "TopDownTerrain128x128"
      }
    ]
  },
  "objectsGroups": [],
  "variables": [],
  "layouts": [
    {
      "__REFERENCE_TO_SPLIT_OBJECT": true,
      "referenceTo": "/layouts/gameplay"
    }
  ],
  "externalEvents": [],
  "eventsFunctionsExtensions": [
    {
      "__REFERENCE_TO_SPLIT_OBJECT": true,
      "referenceTo": "/eventsFunctionsExtensions/objectspawner"
    },
    {
      "__REFERENCE_TO_SPLIT_OBJECT": true,
      "referenceTo": "/eventsFunctionsExtensions/health"
    }
  ],
  "externalLayouts": [],
  "externalSourceFiles": []
}