{
  "b": 100,
  "disableInputWhenNotFocused": true,
  "mangledName": "Gameplay",
  "name": "Gameplay",
  "r": 104,
  "standardSortMethod": true,
  "stopSoundsOnStartup": true,
  "title": "",
  "v": 100,
  "uiSettings": {
    "grid": false,
    "gridType": "rectangular",
    "gridWidth": 32,
    "gridHeight": 32,
    "gridOffsetX": 0,
    "gridOffsetY": 0,
    "gridColor": 10401023,
    "gridAlpha": 0.8,
    "snap": false,
    "zoomFactor": 0.546875,
    "windowMask": false
  },
  "objectsGroups": [],
  "variables": [],
  "instances": [
    {
      "angle": 0,
      "customSize": true,
      "depth": 1,
      "height": 896,
      "keepRatio": true,
      "layer": "",
      "name": "TopDownTerrain128x128",
      "persistentUuid": "6965bae1-b54b-4772-9b4a-c60efd6d23c0",
      "width": 1412,
      "x": -79,
      "y": -86,
      "zOrder": 1,
      "numberProperties": [],
      "stringProperties": [
        {
          "name": "tilemap",
          "value": "{\"tileWidth\":128,\"tileHeight\":128,\"dimX\":11,\"dimY\":7,\"layers\":[{\"id\":0,\"alpha\":1,\"tiles\":[[5,6,6,6,6,6,6,6,6,6,7],[22,23,23,23,23,23,23,23,23,23,24],[22,23,23,23,23,23,23,23,23,23,24],[22,23,23,23,23,23,23,23,23,23,24],[22,23,23,23,23,23,23,23,23,23,24],[22,23,23,23,23,23,23,23,23,23,24],[39,40,40,40,40,40,40,40,40,40,41]]}]}"
        }
      ],
      "initialVariables": []
    },
    {
      "angle": 0,
      "customSize": false,
      "height": 0,
      "keepRatio": true,
      "layer": "",
      "name": "Score",
      "persistentUuid": "c797b109-3749-4084-ad42-db9215cb1bd9",
      "width": 0,
      "x": 1169,
      "y": 28,
      "zOrder": 5,
      "numberProperties": [],
      "stringProperties": [],
      "initialVariables": []
    },
    {
      "angle": 0,
      "customSize": false,
      "height": 0,
      "keepRatio": true,
      "layer": "",
      "name": "Score_Label",
      "persistentUuid": "1a5bc59e-6086-4d4c-957f-f0ccdb92278b",
      "width": 0,
      "x": 874,
      "y": 25,
      "zOrder": 4,
      "numberProperties": [],
      "stringProperties": [],
      "initialVariables": []
    },
    {
      "angle": 0,
      "customSize": true,
      "depth": 1,
      "height": 32,
      "keepRatio": true,
      "layer": "Player Layer",
      "name": "Wall",
      "persistentUuid": "5fe06d2d-0a7b-4fe4-b24e-7b66901c119b",
      "width": 1283,
      "x": -1,
      "y": -14,
      "zOrder": 6,
      "numberProperties": [],
      "stringProperties": [],
      "initialVariables": []
    },
    {
      "angle": 0,
      "customSize": true,
      "depth": 1,
      "height": 32,
      "keepRatio": true,
      "layer": "Player Layer",
      "name": "Wall",
      "persistentUuid": "a2aafd27-7a6c-4e41-be55-10dd25924a48",
      "width": 1283,
      "x": 0,
      "y": 697,
      "zOrder": 6,
      "numberProperties": [],
      "stringProperties": [],
      "initialVariables": []
    },
    {
      "angle": 90,
      "customSize": true,
      "depth": 1,
      "height": 32,
      "keepRatio": true,
      "layer": "Player Layer",
      "name": "Wall",
      "persistentUuid": "01fea017-7534-413e-a649-10babe0ab6e5",
      "width": 747,
      "x": -373,
      "y": 342,
      "zOrder": 6,
      "numberProperties": [],
      "stringProperties": [],
      "initialVariables": []
    },
    {
      "angle": 90,
      "customSize": true,
      "depth": 1,
      "height": 32,
      "keepRatio": true,
      "layer": "Player Layer",
      "name": "Wall",
      "persistentUuid": "ecdf3e6c-f436-494f-baa3-e84b6d2de894",
      "width": 747,
      "x": 903,
      "y": 342,
      "zOrder": 6,
      "numberProperties": [],
      "stringProperties": [],
      "initialVariables": []
    },
    {
      "angle": 0,
      "customSize": true,
      "depth": 1,
      "height": 720,
      "keepRatio": true,
      "layer": "Player Layer",
      "name": "Obstacle_Spawner",
      "persistentUuid": "d2d02c25-cad2-41c4-914c-84d9d4e5701a",
      "width": 1278,
      "x": 0,
      "y": -1,
      "zOrder": 7,
      "numberProperties": [],
      "stringProperties": [],
      "initialVariables": []
    }
  ],
  "objects": [
    {
      "adaptCollisionMaskAutomatically": true,
      "assetStoreId": "",
      "name": "Train_Engine",
      "type": "Sprite",
      "updateIfNotVisible": false,
      "variables": [],
      "effects": [],
      "behaviors": [
        {
          "name": "TopDownMovement",
          "type": "TopDownMovementBehavior::TopDownMovementBehavior",
          "deceleration": 1200,
          "acceleration": 500,
          "maxSpeed": 300,
          "allowDiagonals": false,
          "angularMaxSpeed": 180,
          "rotateObject": false,
          "angleOffset": 0,
          "customIsometryAngle": 30,
          "ignoreDefaultControls": false,
          "movementAngleOffset": 0,
          "viewpoint": "TopDown"
        }
      ],
      "animations": [
        {
          "name": "NewSprite",
          "useMultipleDirections": false,
          "directions": [
            {
              "looping": false,
              "metadata": "{\"pskl\":{}}",
              "timeBetweenFrames": 0.08,
              "sprites": [
                {
                  "hasCustomCollisionMask": true,
                  "image": "NewSprite",
                  "points": [],
                  "originPoint": {
                    "name": "origine",
                    "x": 0,
                    "y": 0
                  },
                  "centerPoint": {
                    "automatic": true,
                    "name": "centre",
                    "x": 0,
                    "y": 0
                  },
                  "customCollisionMask": [
                    [
                      {
                        "x": 0,
                        "y": 0
                      },
                      {
                        "x": 64,
                        "y": 0
                      },
                      {
                        "x": 64,
                        "y": 64
                      },
                      {
                        "x": 0,
                        "y": 64
                      }
                    ]
                  ]
                }
              ]
            }
          ]
        }
      ]
    },
    {
      "adaptCollisionMaskAutomatically": true,
      "assetStoreId": "",
      "name": "Obstacle",
      "type": "Sprite",
      "updateIfNotVisible": false,
      "variables": [],
      "effects": [],
      "behaviors": [],
      "animations": [
        {
          "name": "NewSprite",
          "useMultipleDirections": false,
          "directions": [
            {
              "looping": false,
              "metadata": "{\"pskl\":{}}",
              "timeBetweenFrames": 0.08,
              "sprites": [
                {
                  "hasCustomCollisionMask": true,
                  "image": "NewSprite2",
                  "points": [],
                  "originPoint": {
                    "name": "origine",
                    "x": 0,
                    "y": 0
                  },
                  "centerPoint": {
                    "automatic": true,
                    "name": "centre",
                    "x": 0,
                    "y": 0
                  },
                  "customCollisionMask": [
                    [
                      {
                        "x": 0,
                        "y": 0
                      },
                      {
                        "x": 64,
                        "y": 0
                      },
                      {
                        "x": 64,
                        "y": 64
                      },
                      {
                        "x": 0,
                        "y": 64
                      }
                    ]
                  ]
                }
              ]
            }
          ]
        }
      ]
    },
    {
      "adaptCollisionMaskAutomatically": true,
      "assetStoreId": "",
      "name": "Train_Final_Car",
      "type": "Sprite",
      "updateIfNotVisible": false,
      "variables": [],
      "effects": [],
      "behaviors": [
        {
          "name": "TopDownMovement",
          "type": "TopDownMovementBehavior::TopDownMovementBehavior",
          "acceleration": 500,
          "deceleration": 800,
          "maxSpeed": 300,
          "allowDiagonals": false,
          "angleOffset": 0,
          "angularMaxSpeed": 180,
          "customIsometryAngle": 30,
          "ignoreDefaultControls": false,
          "movementAngleOffset": 0,
          "rotateObject": false,
          "viewpoint": "TopDown"
        }
      ],
      "animations": [
        {
          "name": "Train_Final_Car",
          "useMultipleDirections": false,
          "directions": [
            {
              "looping": false,
              "metadata": "{\"pskl\":{}}",
              "timeBetweenFrames": 0.08,
              "sprites": [
                {
                  "hasCustomCollisionMask": true,
                  "image": "Train_Final_Car",
                  "points": [],
                  "originPoint": {
                    "name": "origine",
                    "x": 0,
                    "y": 0
                  },
                  "centerPoint": {
                    "automatic": true,
                    "name": "centre",
                    "x": 0,
                    "y": 0
                  },
                  "customCollisionMask": [
                    [
                      {
                        "x": 0,
                        "y": 0
                      },
                      {
                        "x": 64,
                        "y": 0
                      },
                      {
                        "x": 64,
                        "y": 64
                      },
                      {
                        "x": 0,
                        "y": 64
                      }
                    ]
                  ]
                }
              ]
            }
          ]
        }
      ]
    },
    {
      "assetStoreId": "",
      "height": 32,
      "name": "Wall",
      "texture": "Wall",
      "type": "TiledSpriteObject::TiledSprite",
      "width": 32,
      "variables": [],
      "effects": [],
      "behaviors": []
    },
    {
      "assetStoreId": "",
      "bold": true,
      "italic": true,
      "name": "Score",
      "smoothed": true,
      "type": "TextObject::Text",
      "underlined": false,
      "variables": [],
      "effects": [],
      "behaviors": [],
      "string": "0",
      "font": "",
      "textAlignment": "left",
      "characterSize": 50,
      "color": {
        "b": 250,
        "g": 250,
        "r": 250
      },
      "content": {
        "bold": true,
        "isOutlineEnabled": true,
        "isShadowEnabled": true,
        "italic": true,
        "outlineColor": "255;255;255",
        "outlineThickness": 2,
        "shadowAngle": 90,
        "shadowBlurRadius": 2,
        "shadowColor": "0;0;0",
        "shadowDistance": 4,
        "shadowOpacity": 127,
        "smoothed": true,
        "underlined": false,
        "text": "0",
        "font": "",
        "textAlignment": "left",
        "verticalTextAlignment": "top",
        "characterSize": 50,
        "color": "250;250;250"
      }
    },
    {
      "assetStoreId": "",
      "bold": true,
      "italic": true,
      "name": "Score_Label",
      "smoothed": true,
      "type": "TextObject::Text",
      "underlined": false,
      "variables": [],
      "effects": [],
      "behaviors": [],
      "string": "Total Score:",
      "font": "",
      "textAlignment": "left",
      "characterSize": 50,
      "color": {
        "b": 255,
        "g": 255,
        "r": 255
      },
      "content": {
        "bold": true,
        "isOutlineEnabled": true,
        "isShadowEnabled": true,
        "italic": true,
        "outlineColor": "255;255;255",
        "outlineThickness": 2,
        "shadowAngle": 90,
        "shadowBlurRadius": 2,
        "shadowColor": "0;0;0",
        "shadowDistance": 4,
        "shadowOpacity": 127,
        "smoothed": true,
        "underlined": false,
        "text": "Total Score:",
        "font": "",
        "textAlignment": "left",
        "verticalTextAlignment": "top",
        "characterSize": 50,
        "color": "255;255;255"
      }
    },
    {
      "assetStoreId": "",
      "height": 32,
      "name": "Obstacle_Spawner",
      "texture": "Obstacle_Spawner3",
      "type": "TiledSpriteObject::TiledSprite",
      "width": 32,
      "variables": [],
      "effects": [],
      "behaviors": [
        {
          "name": "ObjectSpawner",
          "type": "ObjectSpawner::ObjectSpawner",
          "SpawnPeriod": 5,
          "OffsetX": 0,
          "OffsetY": 0,
          "JustSpawnedAnObject": false,
          "MaxQuantityReached": false,
          "MaxQuantity": 99,
          "SpawnerCapacity": 99,
          "UnlimitedCapacity": true,
          "RandomPosition": true
        }
      ]
    }
  ],
  "objectsFolderStructure": {
    "folderName": "__ROOT",
    "children": [
      {
        "objectName": "Train_Engine"
      },
      {
        "objectName": "Train_Final_Car"
      },
      {
        "objectName": "Obstacle"
      },
      {
        "objectName": "Wall"
      },
      {
        "objectName": "Score"
      },
      {
        "objectName": "Score_Label"
      },
      {
        "objectName": "Obstacle_Spawner"
      }
    ]
  },
  "events": [
    {
      "type": "BuiltinCommonInstructions::Standard",
      "conditions": [
        {
          "type": {
            "value": "DepartScene"
          },
          "parameters": [
            ""
          ]
        }
      ],
      "actions": [
        {
          "type": {
            "value": "ResetTimer"
          },
          "parameters": [
            "",
            "\"TotalScore\""
          ]
        },
        {
          "type": {
            "value": "CentreCamera"
          },
          "parameters": [
            "",
            "Train_Engine",
            "",
            "\"UI Layer\"",
            "0"
          ]
        },
        {
          "type": {
            "value": "Cache"
          },
          "parameters": [
            "Obstacle_Spawner"
          ]
        },
        {
          "type": {
            "value": "Create"
          },
          "parameters": [
            "",
            "Train_Engine",
            "120",
            "120",
            "\"Player Layer\""
          ]
        },
        {
          "type": {
            "value": "Create"
          },
          "parameters": [
            "",
            "Obstacle",
            "RandomWithStep(0, 1240, 680)",
            "RandomWithStep(0, 1240, 680)",
            "\"Player Layer\""
          ]
        }
      ]
    },
    {
      "type": "BuiltinCommonInstructions::Standard",
      "conditions": [],
      "actions": [
        {
          "type": {
            "value": "TextContainerCapability::TextContainerBehavior::SetValue"
          },
          "parameters": [
            "Score",
            "Text",
            "=",
            "ToString(round(TimerElapsedTime(\"TotalScore\")))"
          ]
        }
      ]
    },
    {
      "type": "BuiltinCommonInstructions::Standard",
      "conditions": [
        {
          "type": {
            "inverted": true,
            "value": "TimerPaused"
          },
          "parameters": [
            "",
            "\"TotalScore\""
          ]
        }
      ],
      "actions": [
        {
          "type": {
            "value": "ObjectSpawner::ObjectSpawner::SpawnObject"
          },
          "parameters": [
            "Obstacle_Spawner",
            "ObjectSpawner",
            "Obstacle",
            ""
          ]
        }
      ]
    },
    {
      "type": "BuiltinCommonInstructions::Standard",
      "conditions": [
        {
          "type": {
            "value": "CollisionNP"
          },
          "parameters": [
            "Train_Engine",
            "Obstacle",
            "",
            "",
            ""
          ]
        }
      ],
      "actions": [
        {
          "type": {
            "value": "MettreXY"
          },
          "parameters": [
            "Obstacle",
            "=",
            "RandomWithStep(64, 1240, 680)",
            "=",
            "RandomWithStep(64, 1240, 6840)"
          ]
        },
        {
          "type": {
            "value": "Delete"
          },
          "parameters": [
            "Train_Engine",
            ""
          ]
        },
        {
          "type": {
            "value": "PauseTimer"
          },
          "parameters": [
            "",
            "\"TotalScore\""
          ]
        }
      ]
    },
    {
      "type": "BuiltinCommonInstructions::Standard",
      "conditions": [
        {
          "type": {
            "value": "CollisionNP"
          },
          "parameters": [
            "Train_Engine",
            "Wall",
            "",
            "",
            ""
          ]
        }
      ],
      "actions": [
        {
          "type": {
            "value": "Delete"
          },
          "parameters": [
            "Train_Engine",
            ""
          ]
        },
        {
          "type": {
            "value": "PauseTimer"
          },
          "parameters": [
            "",
            "\"TotalScore\""
          ]
        }
      ]
    }
  ],
  "layers": [
    {
      "ambientLightColorB": 200,
      "ambientLightColorG": 200,
      "ambientLightColorR": 200,
      "camera3DFarPlaneDistance": 10000,
      "camera3DFieldOfView": 45,
      "camera3DNearPlaneDistance": 3,
      "cameraType": "",
      "followBaseLayerCamera": false,
      "isLightingLayer": false,
      "isLocked": false,
      "name": "Obstacle Layer",
      "renderingType": "",
      "visibility": true,
      "cameras": [],
      "effects": [
        {
          "effectType": "Scene3D::HemisphereLight",
          "name": "3D Light",
          "doubleParameters": {
            "elevation": 45,
            "intensity": 1,
            "rotation": 0
          },
          "stringParameters": {
            "groundColor": "64;64;64",
            "skyColor": "255;255;255",
            "top": "Y-"
          },
          "booleanParameters": {}
        }
      ]
    },
    {
      "ambientLightColorB": 200,
      "ambientLightColorG": 200,
      "ambientLightColorR": 200,
      "camera3DFarPlaneDistance": 10000,
      "camera3DFieldOfView": 45,
      "camera3DNearPlaneDistance": 3,
      "cameraType": "",
      "followBaseLayerCamera": false,
      "isLightingLayer": false,
      "isLocked": false,
      "name": "",
      "renderingType": "",
      "visibility": true,
      "cameras": [
        {
          "defaultSize": true,
          "defaultViewport": true,
          "height": 0,
          "viewportBottom": 1,
          "viewportLeft": 0,
          "viewportRight": 1,
          "viewportTop": 0,
          "width": 0
        }
      ],
      "effects": [
        {
          "effectType": "Scene3D::HemisphereLight",
          "name": "3D Light",
          "doubleParameters": {
            "elevation": 45,
            "intensity": 1,
            "rotation": 0
          },
          "stringParameters": {
            "groundColor": "64;64;64",
            "skyColor": "255;255;255",
            "top": "Y-"
          },
          "booleanParameters": {}
        }
      ]
    },
    {
      "ambientLightColorB": 200,
      "ambientLightColorG": 200,
      "ambientLightColorR": 200,
      "camera3DFarPlaneDistance": 10000,
      "camera3DFieldOfView": 45,
      "camera3DNearPlaneDistance": 3,
      "cameraType": "",
      "followBaseLayerCamera": false,
      "isLightingLayer": false,
      "isLocked": false,
      "name": "Player Layer",
      "renderingType": "",
      "visibility": true,
      "cameras": [],
      "effects": [
        {
          "effectType": "Scene3D::HemisphereLight",
          "name": "3D Light",
          "doubleParameters": {
            "elevation": 45,
            "intensity": 1,
            "rotation": 0
          },
          "stringParameters": {
            "groundColor": "64;64;64",
            "skyColor": "255;255;255",
            "top": "Y-"
          },
          "booleanParameters": {}
        }
      ]
    },
    {
      "ambientLightColorB": 200,
      "ambientLightColorG": 200,
      "ambientLightColorR": 200,
      "camera3DFarPlaneDistance": 10000,
      "camera3DFieldOfView": 45,
      "camera3DNearPlaneDistance": 3,
      "cameraType": "",
      "followBaseLayerCamera": false,
      "isLightingLayer": false,
      "isLocked": false,
      "name": "UI Layer",
      "renderingType": "",
      "visibility": true,
      "cameras": [],
      "effects": [
        {
          "effectType": "Scene3D::HemisphereLight",
          "name": "3D Light",
          "doubleParameters": {
            "elevation": 45,
            "intensity": 1,
            "rotation": 0
          },
          "stringParameters": {
            "groundColor": "64;64;64",
            "skyColor": "255;255;255",
            "top": "Y-"
          },
          "booleanParameters": {}
        }
      ]
    }
  ],
  "behaviorsSharedData": [
    {
      "name": "Animation",
      "type": "AnimatableCapability::AnimatableBehavior"
    },
    {
      "name": "Effect",
      "type": "EffectCapability::EffectBehavior"
    },
    {
      "name": "Flippable",
      "type": "FlippableCapability::FlippableBehavior"
    },
    {
      "name": "ObjectSpawner",
      "type": "ObjectSpawner::ObjectSpawner"
    },
    {
      "name": "Opacity",
      "type": "OpacityCapability::OpacityBehavior"
    },
    {
      "name": "Resizable",
      "type": "ResizableCapability::ResizableBehavior"
    },
    {
      "name": "Scale",
      "type": "ScalableCapability::ScalableBehavior"
    },
    {
      "name": "Text",
      "type": "TextContainerCapability::TextContainerBehavior"
    },
    {
      "name": "TopDownMovement",
      "type": "TopDownMovementBehavior::TopDownMovementBehavior"
    }
  ]
}